current_emi,new_emi,current_total,new_total,savings,roi,recommended,lender,new_rate,transfer_fee
18262.30623410025,17686.64983223167,876590.6992368121,850459.1919471201,26131.507289691945,1742.1004859794627,True,SBI,9.8,1500
18262.30623410025,17821.118127153513,876590.6992368121,857413.6701033686,19177.029133443488,958.8514566721743,True,HDFC Bank,10.2,2000
18262.30623410025,17922.365826332767,876590.6992368121,862073.5596639728,14517.139572839253,806.5077540466252,True,ICICI Bank,10.5,1800
18262.30623410025,18023.952855493255,876590.6992368121,867349.7370636762,9240.962173135835,420.04373514253797,True,Axis Bank,10.8,2200
